<?xml version="1.0" encoding="UTF-8"?>
<project-private xmlns="http://www.netbeans.org/ns/project-private/1">
    <editor-bookmarks xmlns="http://www.netbeans.org/ns/editor-bookmarks/2" lastBookmarkId="0"/>
    <open-files xmlns="http://www.netbeans.org/ns/projectui-open-files/2">
        <group>
            <file>file:/C:/Users/DELL/Documents/Code/Database/BasdatGUI%2021.11.23--18.01/BasdatGUI/src/basdatgui/EmployeeBarangKeluar.java</file>
            <file>file:/C:/Users/DELL/Documents/Code/Database/BasdatGUI%2021.11.23--18.01/BasdatGUI/src/basdatgui/AdminUjiKlinis.java</file>
            <file>file:/C:/Users/DELL/Documents/Code/Database/BasdatGUI%2021.11.23--18.01/BasdatGUI/src/basdatgui/MainGUI.java</file>
            <file>file:/C:/Users/DELL/Documents/Code/Database/BasdatGUI%2021.11.23--18.01/BasdatGUI/src/basdatgui/invoice.jrxml</file>
        </group>
    </open-files>
</project-private>
